{
  "modules": [
    {
      "type": "Indoors.Serializations.Protobuf.DI.Autofac.ProtobufModuleInstaller, Indoors.Serializations.Protobuf.DI.Autofac"
    },
    {
      "type": "Indoors.Communications.RabbitMQ.DI.Autofac.RabbitMqModuleInstaller, Indoors.Communications.RabbitMQ.DI.Autofac",
      "parameters": {
        "configurationsJsonPath": "../../../Configurations/RabbitMQ.json"
      }
    },
    {
      "type": "Indoors.EntityFramework.Proxy.Modules.EntityFrameworkProxyModuleInstaller, Indoors.EntityFramework.Proxy"
    },
    {
      "type": "Indoors.Platform.Gateway.Proxy.Container.PlatformGatewayProxyModuleInstaller, Indoors.Platform.Gateway.Proxy",
      "parameters": {
        "registerHostedService": "true"
      }
    },
    {
      "type": "Indoors.Video.Client.DI.Autofac.VideoClientModuleInstaller, Indoors.Video.Client.DI.Autofac",
      "parameters": {
        "configurationsJsonPath": "../../../Configurations/VideoWifi.json",
        "registerHostedService": "true"
      }
    }
  ]
}
