{
  "_autofac_json_xml_configuration": "https://autofaccn.readthedocs.io/en/latest/configuration/xml.html#configuring-with-microsoft-configuration-4-0",
  "components": [
    {
      "type": "Indoors.Communications.Core.Settings.UdpSubscriberStringSettings, Indoors.Communications.Core",
      "services": [
        {
          "key": "DynamicMapUdpSubscriberSettings",
          "type": "Indoors.Communications.Core.Settings.IUdpSubscriberSettings, Indoors.Communications.Core"
        }
      ],
      "instanceScope": "singleinstance",
      "injectProperties": true,
      "properties": {
        "EndPointAddress": "0.0.0.0",
        "EndPointPort": 15001,
        "NetworkInterfaceAddressString": "0.0.0.0"
      }
    },
    {
      "type": "HarryPotter.AtlasWrapper.Settings.MapSettings, HarryPotter.AtlasWrapper",
      "services": [
        {
          "type": "HarryPotter.AtlasWrapper.Settings.IMapSettings, HarryPotter.AtlasWrapper"
        }
      ],
      "instanceScope": "singleinstance",
      "injectProperties": true,
      "properties": {
        "Width": 1000,
        "Height": 1000,
        "MaximumDistanceConstraintFactor": 1.2
      }
    }
  ]
}