{
  "_autofac_json_xml_configuration": "https://autofaccn.readthedocs.io/en/latest/configuration/xml.html#configuring-with-microsoft-configuration-4-0",
  "components": [
    {
      "type": "HarryPotter.App.Logic.Platforms.PlatformControlSettings, HarryPotter.App.Logic",
      "services": [
        {
          "type": "HarryPotter.App.Logic.Platforms.IPlatformControlSettings, HarryPotter.App.Logic"
        }
      ],
      "instanceScope": "singleinstance",
      "injectProperties": true,
      "properties": {
        "DefaultTakeOffHeightMeters": 1,
        "DefaultMovementDistanceMeters": 0.5,
        "DefaultHeightChangeMeters": 0.3,
        "DefaultYawChangeDegrees": 15
      }
    }
  ]
}