{
  "_autofac_json_xml_configuration": "https://autofaccn.readthedocs.io/en/latest/configuration/xml.html#configuring-with-microsoft-configuration-4-0",
  "components": [
    {
      "type": "Indoors.Communications.RabbitMQ.Configuration.RabbitMqConfiguration, Indoors.Communications.RabbitMQ",
      "services": [
        {
          "type": "Indoors.Communications.RabbitMQ.Configuration.IRabbitMqConfiguration, Indoors.Communications.RabbitMQ"
        }
      ],
      "instanceScope": "singleinstance",
      "injectProperties": true,
      "properties": {
        "Host": "localhost",
        "Port": 5672,
        "VirtualHost": "/",
        "UserName": "guest",
        "Password": "guest",
        "PersistentMessages": false,
        "PublisherConfirms": false,
        "RequestedHeartbeatSeconds": 0,
        "TimeoutSeconds": 6000,
        "ConsumerPrefetchCount": 200,
        "ConnectIntervalAttemptSeconds": 3
      }
    },
    {
      "type": "Indoors.Communications.RabbitMQ.Configuration.PublisherConfiguration, Indoors.Communications.RabbitMQ",
      "services": [
        {
          "type": "Indoors.Communications.RabbitMQ.Configuration.IPublisherConfiguration, Indoors.Communications.RabbitMQ"
        }
      ],
      "instanceScope": "singleinstance",
      "injectProperties": true,
      "properties": {
        "AsAsync": true,
        "WithExpiresMilliseconds": 3000
      }
    },
    {
      "type": "Indoors.Communications.RabbitMQ.Configuration.SubscriberConfiguration, Indoors.Communications.RabbitMQ",
      "services": [
        {
          "type": "Indoors.Communications.RabbitMQ.Configuration.ISubscriberConfiguration, Indoors.Communications.RabbitMQ"
        }
      ],
      "instanceScope": "singleinstance",
      "injectProperties": true,
      "properties": {
        "AsAsync": true,
        "WithAutoDelete": true,
        "WithDurable": false,
        "WithExpiresMilliseconds": 10000
      }
    },
    {
      "type": "Indoors.Communications.RabbitMQ.Configuration.RequesterConfiguration, Indoors.Communications.RabbitMQ",
      "services": [
        {
          "type": "Indoors.Communications.RabbitMQ.Configuration.IRequesterConfiguration, Indoors.Communications.RabbitMQ"
        }
      ],
      "instanceScope": "singleinstance",
      "injectProperties": true,
      "properties": {
        "WithExpiresMilliseconds": 10000
      }
    },
    {
      "type": "Indoors.Communications.RabbitMQ.Configuration.ReplierConfiguration, Indoors.Communications.RabbitMQ",
      "services": [
        {
          "type": "Indoors.Communications.RabbitMQ.Configuration.IReplierConfiguration, Indoors.Communications.RabbitMQ"
        }
      ],
      "instanceScope": "singleinstance",
      "injectProperties": true,
      "properties": {
        "AsAsync": true,
        "WithDurable": false,
        "WithExpiresMilliseconds": 10000
      }
    }
  ]
}