﻿{
  "Serilog": {
    "Using": [ "Serilog.Sinks.Console", "Serilog.Sinks.File", "Serilog.Sinks.Seq" ],
    "MinimumLevel": {
      "Default": "Debug",
      "Override": {
        "Microsoft": "Warning",
        "System": "Warning",
        "Indoors.EntityFramework": "Debug"
      }
    },
    "WriteTo": [
      {
        "Name": "Console",
        "Args": {
          "restrictedToMinimumLevel": "Debug"
        }
      },
      {
        "Name": "File",
        "IsJson": true,
        "Args": {
          "path": "Logs/log.txt",
          "rollingInterval": "Day",
          "outputTemplate": "{Timestamp:yyyy-MM-dd HH:mm:ss.fff} [{Level}] [{SourceContext}] [{EventId}] {Message}{NewLine}{Exception}",
          "rollOnFileSizeLimit": true,
          "retainedFileCountLimit": 31,
          "fileSizeLimitBytes": 524288,
          "formatter": "Serilog.Formatting.Json.JsonFormatter, Serilog"
        }
      },
      {
        "Name": "Seq",
        "Args": {
          "serverUrl": "http://localhost:5341"
        }
      }
    ],
    "Enrich": [
      "FromLogContext",
      "WithMachineName",
      "WithProcessId",
      "WithThreadId",
      "WithExceptionDetails"
    ]
  }
}