{
  "_autofac_json_xml_configuration": "https://autofaccn.readthedocs.io/en/latest/configuration/xml.html#configuring-with-microsoft-configuration-4-0",
  "components": [
    {
      "type": "Indoors.Video.Common.Settings.VideoDistributionSettings, Indoors.Video.Common",
      "services": [
        {
          "type": "Indoors.Video.Common.Settings.IVideoDistributionSettings, Indoors.Video.Common"
        }
      ],
      "instanceScope": "singleinstance",
      "injectProperties": true,
      "properties": {
        "DistributionProtocolType": "Udp"
      }
    },
    {
      "type": "Indoors.Communications.Core.Settings.UdpPublisherStringSettings, Indoors.Communications.Core",
      "services": [
        {
          "key": "VideoDomainIcdUdpPublisherSettings",
          "type": "Indoors.Communications.Core.Settings.IUdpPublisherSettings, Indoors.Communications.Core"
        }
      ],
      "instanceScope": "singleinstance",
      "injectProperties": true,
      "properties": {
        "EndPointAddress": "234.0.0.1",
        "EndPointPort": 6666,
        "NetworkInterfaceAddressString": "127.0.0.1"
      }
    },
    {
      "type": "Indoors.Communications.Core.Settings.UdpSubscriberStringSettings, Indoors.Communications.Core",
      "services": [
        {
          "key": "VideoDomainIcdUdpSubscriberSettings",
          "type": "Indoors.Communications.Core.Settings.IUdpSubscriberSettings, Indoors.Communications.Core"
        }
      ],
      "instanceScope": "singleinstance",
      "injectProperties": true,
      "properties": {
        "EndPointAddress": "234.0.0.1",
        "EndPointPort": 6666,
        "NetworkInterfaceAddressString": "127.0.0.1"
      }
    },
    {
      "type": "Indoors.Video.Common.Settings.VideoSettings, Indoors.Video.Common",
      "services": [
        {
          "type": "Indoors.Video.Common.Settings.IVideoSettings, Indoors.Video.Common"
        }
      ],
      "instanceScope": "singleinstance",
      "injectProperties": true,
      "properties": {
        "FrameHeight": 300,
        "FrameWidth": 300,
        "IsFlippedInY": false,
        "PixelFormat": "BGR24"
      }
    },
    {
      "type": "Indoors.Video.Common.Settings.VideoSourceSettings, Indoors.Video.Common",
      "services": [
        {
          "type": "Indoors.Video.Common.Settings.IVideoSourceSettings, Indoors.Video.Common"
        }
      ],
      "instanceScope": "singleinstance",
      "injectProperties": true,
      "properties": {
        "VideoFramesQueueSize": 1
      }
    }
  ]
}